clean_response,brand_flag
a deli,
a n w,
a salt battery,
abble bees,
abelardos,
ablebees,
abo ali,
acapulco,
acapulcos,
acme,
adobe,
afc,
african deli,
agave,
airport diner,
aji shin,
akej,
aladdins,
aladdins eatery,
albasha,
alberados,
alfredos,
alfys,
alfys pizza,
alices kitchen,
aljagnon,
all about burger,
alloush grill,
alpine inn,
am,
amazing,
amazing zeggs,
amazon,
ambar capitol hill,
america,
american burger,
american diner,
american pizza,
american wings,
americano,
americas incredible pizza company,
amigoes,
amigos,
ammo box cafe,
ampersand,
ananas,
andiamos,
ando sushi,
angelinas,
angus,
angus steakhouse,
annalakshmi,
annas tacqueria,
annas taqueria,
anthem,
anthoneys,
anthony pizza,
anthonys,
anthonys coal fire pizza,
anthonys coal fired pizza,
anthonys pizza,
anthonys pizza pasta,
antonios,
any,
any pizza place near me,
aookebees,
apic,
apllebees,
app bee,
applbees,
applbess,
applbys,
apple,
apple b,
apple bee,
apple been,
apple bees,
apple beez,
apple bess,
apple bs,
applebe,
applebeas,
applebee,
applebees,
applebees express,
applebees grill bar,
applebers,
applebes,
applebess,
applebeys,
applebies,
appleby,
applebys,
appleebees,
applenees,
applepie,
apples bees,
apples bess,
appleybees,
applrbees,
apppe bees,
apppebes,
arab ddupi,
arab udupi,
arbbys,
arbees,
arbeys,
arbi,
arbies,
arbiis,
arbuys,
arby,
arbys,
archies,
arctict circle,
are,
arkins bbq grill,
arlene beans,
armandos family restaurant,
arnies,
arvys,
asdfx,
asian,
asian garden,
asian world,
asianjollibeell hawaiian barbecue,
ask,
ask italian,
aspen creek,
at the border,
atera,
atilanos,
atlanta bread,
atlanta bread company,
attilanos,
au bon pain,
au bon pan,
au bun pan,
aunt annies,
auntie annes,
aurbys,
austins,
avanti,
aw,
aw restaurant,
aw restaurants,
aw restaurents,
azteca,
aztecas,
azzip pizza,
b,
b good,
b goods,
b king,
backout steakhouse,
bad daddys,
bad daddys burger,
bad daddys burger bar,
bad daddys burgers,
bagger daves,
baha fresh,
bahama breeze,
bailys,
baja fresh,
baja grill,
bajio,
bakers,
bakers square,
bakery,
balance,
ballard brothers,
balls,
bamboo valley,
banana leaf,
bananza,
bandanas,
bangla food,
bantam contemporary american,
bao chica bao,
bar louie,
bar louie restaurants,
bar louise,
barclay prime,
bare burger,
barger,
bargerking,
barhop brewing,
basement burger bar,
baskin robins,
baton rouge,
bayers restura,
bazbeaux carmel,
bbc,
bbq,
bbq shack,
bbs teriyaki,
bddjdidjdudjdn,
bdubs,
be good,
beach plum,
beans cornbread,
beau jos,
beauty,
becks prime,
beef barn,
beef obradys,
beefsteak,
bel prito,
bela milano,
benhanas,
benihana,
benihanas,
bennets,
bennigans,
benny hannas,
bennys,
bent fork,
bento teriyaki,
benu,
bergar king,
berger king,
bernies,
berts,
bertucchis,
bertucci,
bertuccis,
bertuccs,
bertuchis,
beruchies,
best food,
best pizza,
best steak house,
best times,
best western rewards,
beths cafe,
beurger king,
bgood,
bgr,
bibibop,
bibimbap,
big,
big als,
big boy,
big boys,
big city grill and lemonade,
big dans,
big guys burgers and fries,
big hoffas bbq,
big salad,
big t,
bigboy,
bill grays,
bills grill house,
billys roast beef,
bimibop,
bingo burger,
bird call,
birdcall,
birger king,
bistro aracosia,
bistro dimarino,
bj,
bj brewery,
bj brewhouse,
bjs,
bjs brew house,
bjs brewery,
bjs brewhouse,
bjs restaurants,
bk,
black and seed,
black angas,
black angus,
black bear diner,
black beer diner,
black cat,
black eye pea,
black eyed pea,
black rock,
black stallion,
blackeyed pea,
blaze,
blaze fastfired pizza,
blaze piza,
blaze pizza,
blazen onion,
blazin onion,
blazing onion,
blimpe,
blk mkt,
block,
blooming onion,
blu burger,
blu taco,
blue,
blue agave,
blue c sushi,
blue grill,
blue heaven,
blue heron restaurant,
blue moon burgers,
blue ribbon fried chicken,
bluebeard,
bluebeard amelias fletcher place virginia ave,
blueberry hill,
bluegrass sabor,
boa steakhouse,
bob evans,
bob evens,
bob jamies grill,
bobby burnes,
bobbys burger palace,
bobevans,
bobs,
bobs big boy,
bobs burger and fries,
bobs burgers and brew,
bobs burgers brew,
bojangles,
bok bok,
bolloco,
bolocco,
bonaza,
bondst,
bone fish,
bone fish grill,
bonefish,
bonefish grill,
bonefish grille,
bones,
boneyard,
booeymonger,
boom bozz,
boomarang diner,
boombazz,
boomers,
boomers burgers,
boot leg barbecue,
boot leg bbq,
border cafe,
bosten market,
boston burger company,
boston chicken,
boston garden,
boston market,
boston market chicken,
boston markets,
boston pizza,
bostons,
bourbon street,
bowls and wraps,
bracks,
branns,
brazilian steke grill,
bread,
bread co,
bread company,
breadco,
brew burger,
brewerary,
brio,
brios,
briyani city,
broadway truck stop,
broiler burger,
broncos,
brooklyn bagles,
brotha dudes,
brothers,
brothers bbq,
brothers delu,
brotherspizza,
brown bear,
browns,
bru burger bar,
bruburger,
bruchis,
brueggers,
brueggers bagels,
brugerking,
brunis,
brus,
bryn and danes,
bubba,
bubbas,
buca di beppo,
buca dibepo,
buckheads,
bucksnort,
buddy burger,
buddys,
bufallos cafe,
buffalo,
buffalo grill,
buffalo wild wings,
buffalo wild wings and weck,
buffalo wild wongs,
buffalo wildwings,
buffalo wing,
buffalo wings,
buffalo wings wings,
buffet,
buffets,
buffolo wild wings,
buffulo ww,
bugar king,
buger king,
bugerking,
buget king,
buloco,
buns n stuff,
buregr king,
burer king,
burgar king,
burge king,
burgee king,
burger,
burger bar,
burger bliss,
burger boy diner,
burger broiler,
burger crest,
burger fi,
burger fuel,
burger kang,
burger kig,
burger kimg,
burger kind,
burger kine,
burger king,
burger king subway,
burger kings,
burger knig,
burger master,
burger shack,
burger shake,
burger wendys,
burgerdick,
burgerfi,
burgerfy,
burgerking,
burgerkinng,
burgermaster,
burgermill,
burgers,
burgers bagels,
burgers king,
burgersfries,
burgerville,
burgger king,
burgrill,
burguer king,
burguerking,
burgwe king,
burher king,
burien fish house,
burler king,
burrito bistro,
burrito cha cha cha,
burritoville,
burtuccis,
business name generator,
buston market,
butger king,
butterburgers,
buzz in,
buzz in steakhouse,
buzz inn,
buzz inn steak house,
buzz inn steakhouse,
buzzinn,
buzztime,
bw,
bww,
by chloe,
bychloe,
byrd barrel,
bzbzhzhd,
bzffelo wings,
cabalen,
cactus club cafe,
cactus willies,
caddy shack,
caears pizza,
caf chilis,
caf nero,
cafe express,
cafe mex,
cafe mexicali,
cafe nero,
cafe on the ave,
cafe rio,
cafeteria,
caines,
cainis place,
calb,
calfifornia pizza kitchen,
cali burrito,
calico cupboard,
calicos,
california,
california pizza,
california pizza kitchen,
california tortilla,
calvers,
calverts,
calvin and co,
camaron locos,
camelias mexican restaurant,
candato tacos,
cane,
canes,
canes chicken,
canlis,
cant think of any,
capitain ds,
capital grill,
capital one grill,
capn ds,
capps,
capriottis,
captain d,
captain dees,
captain ds,
captain james,
car,
carabas,
carabbas,
caralis,
caralis chicken,
cards jr,
care,
carl hardees,
carl jr,
carlosbistro,
carls,
carls hr,
carls jr,
carls jt,
carls junior,
carmines,
carraba,
carrabas,
carrabba,
carrabbas,
carters,
carusos,
carvel,
casa blanca,
casa bonita,
casa de grande,
casa feista,
casa mia,
casa que pasa,
casual,
cats poorhouse,
cattlemans,
cava,
cbw,
cecil whitakers,
cecil whiticers,
cecil whittakers,
cedars casino,
central food point,
central taco,
cesar,
cfa,
chaat house,
chadder screath kitchen,
champs,
chapolte,2
chapoltle,2
chapoltli,2
chaps,
charcoal grill,
charleston american,
charley os,
charleys,
charleys crab,
charleys subs,
charlie,
charlie browns fresh grill,
charlies,
charlies brown,
charlies subs,
chasers,
chateau,
chavas,
chba hut,
cheadders,
cheapest dish,
cheba hut,
checker,
checkera,
checkerd,
checkers,
checkers rallys,
checkflay,1
cheddar,
cheddars,
cheddars scratch kitchen,
chedder,
chedders,
cheeba hut,
cheerful garden,
cheescake factory,
cheese cake factory,
cheese factory,
cheesecake,
cheesecake fachory,
cheesecake factore,
cheesecake factoruy,
cheesecake factory,
cheesecake factpry,
chef,
chef ho,
chef lu,
chef luckys,
chef paulinos,
chessecake factory,
chevys,
chez catherine,
chi chis,
chi fila,1
chi filet,1
chi o,
chic a fila,1
chic a filet,1
chic f li,1
chic fa la,1
chic fa le,1
chic falee,1
chic fel a,1
chic fi la,1
chic fi le,1
chic fil a,1
chic fil et,1
chic fil let,1
chic fila,1
chic fila a,1
chic filet,1
chic fille,1
chic fillet,1
chic fliet,1
chic flik,
chic ful a,1
chic o flick,
chicafil,1
chicafilla,1
chicago pizza,
chicfala,1
chicfil a,1
chicfila,1
chicfilet,1
chicfla,1
chicflia,1
chichi,
chick,
chick a fil,1
chick a filet,1
chick a fla,1
chick f,
chick f la,1
chick f lay,1
chick fa a,1
chick fa la,1
chick fa le,1
chick fala,1
chick felay,1
chick felit,1
chick fella,1
chick fi la,1
chick fiket,1
chick fil,1
chick fil a,1
chick fil e,1
chick fil et,1
chick fil la,1
chick fil lay,1
chick fil let,1
chick fila,1
chick fila a,1
chick filah,1
chick filay,1
chick file,1
chick file a,1
chick filea,1
chick filet,1
chick fill a,1
chick filla,1
chick fille,1
chick fillet,1
chick film a,1
chick fit et,1
chick fl a,1
chick fl lay,1
chick fli a,1
chick flia,1
chick ful a,1
chick fula,1
chick gil a,1
chick if la,1
chicka fil,1
chickafil,1
chickafila,1
chickafilament,
chicken,
chicken a file,1
chicken express,
chicken fry,
chicken gril,
chicken n more,
chicken nuggets,
chicken out,
chicken rico,
chicken salad chick,
chicken shack,
chickenfila,1
chickfa la,1
chickfaly,1
chickfele,1
chickfelet,1
chickfil,1
chickfila,1
chickfilet,1
chickfilla,1
chickfillet,1
chickfla,1
chickflat,1
chickfle,1
chickflea,1
chickflia,1
chickgila,1
chickie and petes,
chidos,
chifia,1
chifila,1
chiil,
chik a fill,
chik f lai,1
chik fa la,1
chik fi la,1
chik fil a,1
chik fil e,1
chik fila,1
chik filee,1
chik filet,1
chik fill a,1
chikaflia,1
chiken,
chikfila,1
chikfilla,1
chil,
chil fila,1
chiles,
chilfila,1
chili,
chilia,
chilies,
chiliis,
chilis,
chilis grill bar burger bar pecan lodge,
chill burger,
chilles,
chilli,
chillie,
chillies,
chillis,
chills,
chillys,
chilpolte,2
chilpote,2
chilpotle,2
chily,
chimes,
chimichangas,
chimies,
chimis,
chin fil la,1
chin fillet,1
china,
china buffet,
china club,
china express,
china garden,
china jade,
china king,
china one,
china palace,
china star,
china wok,
chinaking,
chinese,
chinese buffet,
chinese food,
chinese restaurants,
chioptle,2
chipitole,2
chiploe,2
chiplote,2
chiploti,2
chipokte,2
chipola,2
chipolata,2
chipole,2
chipoles,2
chipolet,2
chipolete,2
chipoli,2
chipoliet,2
chipolite,2
chipolitle,2
chipolli,2
chipollti,2
chipolta,2
chipolte,2
chipolte mexican,2
chipoltes,2
chipolti,2
chipoltie,2
chipoltle,2
chipote,2
chipotel,2
chipotie,2
chipotke,2
chipotla,2
chipotle,2
chipotle grill,2
chipotle mexican grill,2
chipotles,2
chipotole,2
chippottle,2
chiptle,2
chiptole,2
chiptolte,2
chiptople,2
chitpole,2
chix fil a,1
chix filet,1
chix fill a,1
chix fillet,1
chocmo,
choice privileges,
cholpie,
chop house and brewery,
chopd creative salad,
choplite,2
chopoliti,2
chopolte,2
chopped,
chopt,
choptal,
choptle,2
chpolte,2
chpolti,2
chpotle,2
chpotles,2
chriss pancake house,
christos,
chubbys,
chuchs chicken,
chuck a burger,
chuck e cheese,
chuck lagers,
chuck w cheese,
chuckecheese,
chuckie cheese,
chunninghams,
churches,
churches chicken,
churchs,
churchs chicken,
chuys,
cici,
cicis,
cik fila,1
cincettis,
cinco de mayo,
cinder bar,
cinnabon,
cinnamon,
citi bank,
city bar b q,
city barbecue,
city barbeque,
city bbq,
city ramen,
cj fkdkdk,
claim jumper,
clean juice,
click fil a,1
clover,
clover food lab,
clovers,
club ninety nine,
cluvers,
cmg,
cncjckck,
coal fire,
coca,
cochinito,
coffe extra,
coffee nero,
coffee shop,
coffehouse,
coffevalley,
coho cafe,
coins,
cold desserts,
cold stone creamery,
colden corral,
colvers,
comet chicken,
commissary,
common lot,
common man,
con au pain,
condado,
coney diner,
coney island,
coney islands,
coney islsnd,
contos,
cook out,
cookout,
cooks,
cool,
coolgreens,
copan,
copper kettle,
core,
core eatery,
core life,
core life eatery,
corelife eatery,
corner bakery,
corner bakery cafe,
corner market,
cosi,
cosmic cowboy,
costa coffee,
costa vida,
costa vita,
costco,
costo,
cottage inn,
cougar country,
country inn,
country oven,
cousins pizza,
cowboys rio meat on sticks,
cozi,
cpk,
crabshack,
crackel barrel,
cracker arrel,
cracker barel,
cracker barrel,
cracker barrell,
cracker barreo,
crackerbarel,
crackerbarrel,
crackle barrel,
crackle barrell,
craker barrel,
crate and barrel,
crazy bowl,
crazy bowl and wrap,
crazy bowl wraps,
crazy bowles,
crazy bowls,
crazy bowls and wraps,
crazy bowls n wraps,
crazy erics,
crazy marys,
crispelli,
crispia,
crown hill broiler,
crushed red,
crystals,
cuba cuba,
cuba cuba sandwiches,
culavars,
culivers,
culpeppers,
culver,
culver s,
culvers,
culversq,
culverts,
curry,
curry and kebab,
curtis park creamery,
curvers,
d angelos,
da tiki hut,
daily bread,
dairt queen,
dairy king,
dairy point,
dairy queen,
dairyqueen,
dakshin,
dalies,
dam dogs,
dan tanas,
dance,
dangelo,
dangelos,
dangleos,
daniel,
dannys,
darleens,
dary queen,
dave and amys,
dave and busters,
dave busters,
davebusters,
daves bbq,
daves famous bbq,
daves famous ribs,
daxbys,
dd,
dd mau,
deangelos,
deer lake inn,
deets,
del posto,
del taco,
deli king,
delicious hamburger,
delilahs,
delish,
delisious pizza,
dell taco,
deltaco,
denneys,
denny,
dennys,
dennys diner,
dennyswaterloo illinois,
dennysy,
denys,
detroit city barbque,
deweys pizza,
dexter bbq,
dexters bbq,
dfdgfd,
dftrge,
dfyu,
dharani,
dhdhsh,
diary queen,
dibellas,
dibellas subs,
dickeys,
dickeys barbeceu pit,
dickeys barbecue pit,
dickeys barbeque,
dickeys bbq,
dickeys bbq pit,
dickies,
dickies bbq,
dicks,
dicks bbq,
dicks burgers,
dicks drive in,
dicks drivein,
dickys bbq,
dig inn,
dillengers,
diminos,
dimitris,
diner,
diners,
dinos,
dions,
dizzy ds,
dminos,
dnndxhxh,
doctor,
dodndnd,
dog suds,
domimos pizza,
dominicks pizza,
dominics,
dominics pizza,
dominios,
dominnos,
dominnos pizza,
domino,
domino pizza,
dominoes,
dominos,
dominos pizza,
dominose,
dominous,
dominoz,
domins,
domnt,
domoinos,
don and millies,
don hulo,
don jilbertos,
don juan,
don milles,
don millies,
don pablos,
don senor,
donatellies,
donatos,
donatos pizza,
done,
donkin donoughs,
dons,
dont know,
dont know any,
dont know dont know,
donut,
donut wet dream,
donuts,
donuts club,
dos amigos,
double barrel bbq,
double clutch,
double t diner,
dough zone,
dove,
dq,
drifters,
drink,
drinks,
drter,
dubai,
dublin doughnuts,
duck donutsdaylight donutshoney dew donuts,
duncan donuts,
dunken,
dunkin,
dunkin donut,
dunkin donuts,
dunkin doughnuts,
dunking,
dunking donuts,
dunkins,
dunkks,
dunky donna,
dustys,
dutch bros,
duundee,
earl of sandwich in vegas,
east coast wings,
east hampton contemporary american,
east penn diner,
eating,
eatsa,
eclipse burgers,
edleys bbq,
edwards,
einstein,
einstein bagels,
einstein bros,
einstein bros bagel,
einstein bros bagels,
einsteins,
einsteins bagels,
einstiens,
el acapulco,
el agave,
el azteca,
el burro loco,
el cabritas,
el cazador,
el cerrito,
el chingon,
el corita,
el diablo,
el jacal,
el maguey,
el nopal,
el pollo eico,
el pollo loco,
el porros,
el portal,
el reparros,
el rick sito,
el riconsito,
el sombrero,
el taco,
el tapitio,
el taqueria yungapeti,
el taquilenos,
el toro,
elevation,
elevation burger,
eleven,
elsas,
eltapateia,
ensalata,
enzo pizza,
enzoes,
erie bread company,
ertuy,
eryuit,
eureka,
euro bistro,
evergreen,
evergreens,
everybodys,
excellent,
eyehop,
ezells,
ezells chicken,
ezels chicken,
fake cheese and bacon,
fake meat,
family,
famous daves,
famous receipe,
famous recipe,
famousdaves,
famuse daves,
fantasy name generators,
far,
farellis,
farellis pizza,
farmfork,
farmhouse,
farrellis,
fasolies,
fast casual,
fast eddies,
fast food porto,
fast foods,
fast guys,
fast times,
fastfood,
fat burger,
fat daddys,
fat shack,
fat tuesday,
fatburger,
faziols,
fazoli,
fazolieis,
fazolies,
fazolis,
fazolise,
fazolli,
fazollia,
fazollis,
fazolus,
fazoolis,
fazzoils,
fazzoli,
fazzolis,
fazzollis,
fel fel,
felice,
fgfdg,
fidalgo drive inn,
fidays,
fifth street ale house,
figaros pizza,
fine,
fine guys,
fiorellas,
fire and ice,
fire bowl,
fire house,3
fire house subs,3
fire n smoke,
firebirds,
fired,
firefighters,
firehouse,3
firehouse sub,3
firehouse subs,3
firehoyse subs,3
firhouse,3
firmbrid,
first watch,
first wok,
fish and chicken,
fish express,
fish house,
fish n fry,
five boys,
five brothers,
five giys,
five guy,
five guy burgers,
five guys,
five guys and a burger,
five guys and fries,
five guys burger,
five guys burger and fries,
five guys burgers,
five guys burgers and fries,
five guys burgers fries,
five on black,
five quys,
five star chinese,
fiveguys,
fizoles,
fizolies,
fizolis,
fizzahut,
fizzahutt,
fjfhksfh,
fkc,
flamin wok,
flaming grill,
flat creek,
flour,
foco,
fofofifk,
food,
food lion,
food panda,
food restaurant,
food trucksstreet food,
foodi,
foody owl,
fool,
ford,
fords garage,
four guys,
fox and hound,
fozzolie,
france,
frankie gs,
frankies,
frankies too,
franks,
fratellos,
frazer,
frazolis,
fred and ethels,
freddies,
freddies steak burgers,
freddy steak and shake,
freddys,
freddys frozen custard steakburgers,
freddys steakburger,
freddys steakburgers,
fredies,
fredys,
freebirds,
freedy,
freedys,
freindlys,
frenches,
frenzies,
frescafe,
fresh flours,
fresh kitchen,
fresh to oder,
fresh to order,
freshi,
freshii,
freshorder,
frichs,
friday,
fridays,
friddays,
fridys,
friendlies,
friendly,
friendlys,
frienflys,
fries,
frindlys,
frisches,
frischs,
frischs big boy,
frish s big boy,
frishes,
frishes big boy,
frisko freeze,
frita batidos,
frizzolis,
frodayi,
frostys,
frugals,
fruition resturant,
fry fish,
fudd ruckers,
fuddruckers,
fudruckera,
fudruckers,
fuji,
furutxvn,
fusion,
futbol,
fuzzies,
fuzzy taco,
fuzzy tacos,
fuzzys,
fuzzys taco shop,
fuzzys tacos,
gallagherswaterloo illinois,
gallos,
garbanzo,
garbanzos,
garbonzos,
garden fresh,
garden inn,
garden restura,
garlic knot,
gb fish and chips,
genghis grill,
georgia barbecue,
geronimo,
ghengis grill,
gibbys,
giddy up,
ginger,
ginghams,
ginos,
giordanos,
giovannis,
girodanos,
give guys,
gl,
global quesadilla,
glory days,
gnl,
go sy tai,
go viral,
gold star,
goldan corral,
golden basket,
golden carral,
golden carrel,
golden carrol,
golden chick,
golden coral,
golden corald,
golden corale,
golden corell,
golden corrael,
golden corral,
golden dragon,
golden dragon restaurant,
golden era,
golden flame,
golden gyros,
golden ocean,
golder corral,
good,
good burger,
good good,
good morning mamas cafe,
good times,
goodcents,
goodman,
goodtimes,
goodys,
goofy goose burgers teriyaki,
google my,
goose creek diner,
gordens,
gourmet soul,
grabba green,
gracefully,
graces cafe,
grand central bakery,
grand coney,
grand junction international buffett,
grand luxe cafe,
grand slam,
grande,
grande bella,
granit city,
grape leaf,
great,
great greek,
great harvest,
great panda,
great scotts,
great wall,
greedy guts,
greek cafe,
greek lady,
green apple,
green belly,
green olive,
green space,
green turtle,
greenbelly,
greenline grill,
greys,
grill,
grill chicken,
grill city,
grub,
grub bar,
grub burger,
grub hub,
grubb,
grumps,
gsygsyg,
gugly,
guidos,
gulf shore,
gumbo yaya,
gunther toodys,
guss,
guy burgers,
guys,
guys burger,
guys burger and fries,
guys burgers,
guys burgers and fries,
guys burgers fries,
gw fins,
gyro king,
gyro stop,
habachi grill,
habachis grill,
habati,
habit,
habit burger,
habitat,
habitat burger,
hacienda,
halal guys,
halls chophouse,
hamburger,
hand,
handsome hobos,
hapa,
happy,
happy house chinese,
happy teriyaki,
happys pizza,
hard rock cafe,
harddees,
hardee,
hardees,
hardes,
hardess,
hardeys,
hardies,
hardrock cafe,
hardys,
harks,
harry and izzys,
harry and lzzys,
harvest,
hasbsh,
have,
hawiian grill,
haywards,
healthy,
healthy garden,
heart and soy,
hearts of soy,
heirloom kitchen,
helgas sandwichs,
hellertown diner,
hen house,
herb and fire pizza,
herb and fire pizzeria,
herb fire,
herfys,
herricks tavern,
hfhusryshxmn,
hgsgnvm,
hhh,
hi five,
hiachis grill,
hibachi,
hibachi grill,
hickfila,1
hickory house,
high point,
highway diner,
highway inn,
hillside,
hilton,
hilton hhonors,
hip city veg,
hipcityveg,
hipointe burger,
hipointe drive in,
hispano restaurant,
hobos,
hodack,
hodaks,
hog island oyster company,
hog wild,
hollywood diner,
home,
home plate,
home town buffet,
homegrown,
hometown buffet,
hometown pizza,
honest abes,
honey baked ham,
honey dew,
honey grow,
honeygroe,
honeygrow,
hooters,
hop doddy,
hop drops,
hop jacks,
hop n jacks,
hopcat,
hops n drops,
hops n jacks,
hot box pizza,
hot dog,
hot head,
hot heads,
hot table,
hotnnow,
hotshots,
houlahans,
houlihan,
house,
house of wok,
hshbs,
hshsh,
hssh,
hu hot,
huckleberry restaurant,
huddle house,
huhot,
huhut,
hullu,
human bean,
humble joes,
hummus,
hung hungh,
hungry howies,
hyderabad house,
hyvee market grille,
i domt know,
i dont know of any,
i hop,
i love teriyaki,
ic poke,
ice and fire,
idk,
ieieeij,
ihg rewards,
ihobs,
ihop,
ihops,
ikea,
illegal burger,
illegal petes,
illigal petes,
im not sure,
immigrant food,
imo,
imos,
imos pizza,
in and out,
in and out burger,
in n out,
in n out burger,
in out,
inandout,
inchin bamboo,
incrediburger,
incrediburger and eggs,
india palace,
india palace restaurant,
indian sizzling,
indies,
indis,
indis chicken,
inferno room fountain square virginia ave,
ingredient,
inn out,
innout,
innout burger,
inside,
irie,
iron skillet,
isgudf,
island cafe,
italia gardens,
italian garden,
italian market,
itallian,
itchiban,
itit,
ivans,
ivars,
ivars acres of clams,
ivars seafood,
ivers,
ixtapa,
izakaya den,
izzys,
j johny,
j l,
jack,
jack and the box,
jack box,
jack in a box,
jack in box,
jack in the box,
jack in the bx,
jack in thebox,
jack inthebox,
jack n a box,
jack n box,
jack n nox,
jack n the box,
jack on the box,
jack the box,
jackin the box,
jackinthebox,
jacknthebox,
jacks,
jaggers,
jai thai,
jake and elwoods,
jake and joes,
jakes hamburgers,
jakes wayback,
jaks food,
jalapeo,
jalexanders,
jamba juice,
jankos,
jans pizza,
jason deli,
jasons deli,
jb dawsons,
jbs,
jdhdhdbdhdh dhruhrhr,
jeannies diner,
jejs,
jennys,
jeresy mikes,4
jerevery mikes,4
jerrys,
jerrys subs pizza,
jersey girl cafe,
jersey mike,4
jersey mike subs,4
jersey mikes,4
jersey mikes subs,4
jets,
jets pizza,
jfack in box,
jhe,
jhimmy johns,5
jim mains,
jimmi johns,5
jimmie johns,5
jimmy john,5
jimmy johns,5
jimmy johns gourmet sandwiches,5
jimmy johns gourmet sandwitch,5
jimmy jones,5
jimmyjohns,5
jimmys,
jims,
jims burger haven,
jims deli,
jims wings,
jj pizza,
jjs fish and chicken,
jo jos pizza,
joellas,
joelles,
joelles chicken,
joes,
joes crab shack,
joes pizza,
joey bs,
john silvers,
johnny,
johnny b goode,
johnny carinos,
johnny rockets,
johnny sortinos,
johnnys,
johnsons,
johny rockets,
jojos diner,
jolibee,
jollibee,
jollie bee,
jon ryans,
jones,
jonny rockets,
jordans,
joses,
joses mexican,
jp,
jts billiard bar and grill,
ju sushi,
juice generation,
just poke,
juventinos,
k f c,
kabob mediterranean grill,
kadver,
kahldis,
kaiten sushi restaurants,
kanes,
kathmandu restutant,
katsu burger,
kdoba,
kekos,
kellys,
kellys roast beef,
kens steak carts,
kentuck fried chicken,
kentuckey fried chicken,
kentucky,
kentucky fred chicken,
kentucky fried,
kentucky fried chicken,
kentucky fried chiken,
kettlefish,
kfc,
kfc chicken,
kfcmcdonaldpizzahutbru burger baryats,
kfctaco bell,12
kfg,
khanakhajana,
kid valley,
kidd valley,
kids valley,
kidvalley,
kinders,
king,
king and i,
king buffett,
king edwards,
king fish,
king gyros,
kings,
kings buffet,
kirbys,
kitchen,
kitchen nightmares,
kkaties,
kldre,
klsd,
kmart,
kneaders,
knorr,
knuttsack,
kobe buffet,
kobe steakhouse,
kobes,
kobes steak house,
kofc,
kokoro,
kona grill,
kont know,
kopywriting kourse,
korean bbq,
koreana,
krickets,
krispy kreme,
kroger,
krystals,
kudoba,
kum go,
kumars,
kush,
ky fried chicken,
la cantina,
la carreta,
la casita,
la fiamma,
la isla,
la luz,
la madaline,
la madeliena,
la madelines,
la marsa,
la mesa,
la michoacana,
la pain quotidien,
la poblinita,
la tolteca,
lafayette coney island,
lafluers,
lahaina grill,
lake dine,
lakside restaurant,
lamadeleine,
lamarsa,
lamberts,
lamesa,
land,
langhorne,
lanskys,
laportol,
lark burger,
larkburger,
larosas,
larrys giant subs,
las delicious,
las fuentes,
las margarita,
las margaritas,
las tres marias,
lazy dog,
le bec fin,
le merridian,
ledo pizza,
ledos,
lee bernardin,
lees,
lees chicken,
lees famous recipe,
leftys,
legal sea food,
lemonshark poke,
leo coney island,
leonos,
leos,
leos coney,
leos coney island,
leos oven,
lettuce,
lettuce leaf,
lewis cafe,
lexis,
liberty bell roast beef,
library,
light house,
lighthouse pizza,
like,
lil woodys,
lillies italian restaurant,
limited service or self service,
lims,
lincon square,
lindo,
linkon,
lions choice,
lisas deli,
little big burger,
little caesar,
little caesars,
little caesers,
little ceasar,
little ceasars,
little ceasear,
little ceaser,
little ceasera,
little ceasers,
little ceasets,
little ceasure,
little cesars,
little cesars pizza,
little cezer,
live garden,
livery,
ljs,
ll hawaiian,
local,
local moco,
local taco,
logan,
logan roadhouse,
logans,
logans roadhouse,
logans steak house,
logans steakhiuse,
logans steakhouse,
logns,
loiuis pizza,
lola,
lolitas market and deli,
lombardis,
lonestar,
long horn,
long horn steak house,
long horn steakhouse,
long horns,
long john,
long john silver,
long john silvers,
long john siver,
long john sivers,
long johns,
long johns slivers,
long johnsilvers,
longhorn,
longhorn bbq and grill,
longhorn steak,
longhorn steak house,
longhorn steakhouse,
longhorne,
longhorne steakhouse,
longhorns,
longstar,
look,
los amigos,
los jailbertos,
los tapitios,
los tres amigos,
lots noodles,
lots wota creek,
lotta watta creek,
lottawater creek,
lottawatta creek,
louisiana fried chicken,
love,
lower average meal price than fine dining,
luanda,
luby,
lubys,
lucky dragon,
lucky panda,
luckys,
lucys,
lukes lonster,
lulas cafe,
lulus,
lunch box laboratory,
m and s grill,
m donalds,
m s grill,
mac,
mac donald,
mac donalds,
mac donslds,
macalisters,
macaroni grill,
macaroni grille,
maccorani grill,
macdonal,
macdonald,
macdonalds,
macdonaldz,
macdonals,
macdonalss,
macdonalt,
macdounalds,
macduald,
macdunald,
machete tequila and tacos,
mack,
mackdonal,
macnodal,
macoroni grill,
macs,
mad greens,
madelines,
madetoorder food with more complex flavors,
maggianos,
maggioanos,
magic dragon,
magic wok,
magoos pizza,
main street grill,
makamoto,
makimoto,
malagra,
maldoho food,
maldonados,
malins deli,
malmkart,
malonens steak house,
mamnoon street,
manao,
manchu woknoodles company,
mancinos,
mangolian bbq,
manns grill,
many local offerings,
mao,
marathon grill,
marcellos,
marchellos,
marcos pizza,
margaritas,
mari lunas,
maria empanada,
mariacchis ii,
marination,
marinos,
marinos pizzeria,
market basket,
market tavern,
marks feed store,
marks feedstore,
marriott,
maryland mallet,
mas,
mason jar,
matador,
matchbox,
matingleys,
matis deli,
maverick,
mavericks,
max and ermas,
max ermas,
mayan,
maza,
mazatlan,
mazatlan restaurant,
mazitlans mexican food,
mc,
mc alisters,
mc d,
mc danold,
mc danolds,
mc dnulds,
mc dolands,
mc donald,
mc donalda,
mc donaldd,
mc donalds,
mc donals,
mc donnalds,
mc doulds,
mcaclisters,
mcalasters,
mcalilisters,
mcalister deli,
mcalisters,
mcalisters deli,
mcalisters delli,
mcallister,
mcallister deli,
mcallisters,
mcallisters deli,
mccalisters,
mccalisters deli,
mccallesters,
mccallister,
mccallisters,
mccallisters deli,
mccalsiter,
mccdonalds,
mcconalds,
mccormack schmicks,
mcd,
mcdicks,
mcdo alds,
mcdoalds,
mcdoanlds,
mcdoanls,
mcdolands,
mcdomalds,
mcdon,
mcdonad,
mcdonaids,
mcdonakds,
mcdonal,
mcdonald,
mcdonald s,
mcdonalda,
mcdonaldd,
mcdonalds,
mcdonalds when they had artisan burgers,
mcdonaleds,
mcdonalfs,
mcdonalolds,
mcdonals,
mcdonalts,
mcdondolds,
mcdonelds,
mcdonlads,
mcdonlands,
mcdonld,
mcdonlds,
mcdonles,
mcdonlond,
mcdonnalds,
mcdonolds,
mcdonqlds,
mcdons,
mcdonslds,
mcdonuld,
mcdould,
mcdoulds,
mcdownalds,
mcds,
mcduffs,
mcgurks pub,
mcl,
mcl cafeteria,
mclisters deli,
mclonda,
mcondalds,
mcxondals,
mdonalds,
meatheads,
mecconis,
mecnodal,
meconis subs,
mediterranean kitchen,
mediterranean street food,
meijer gas station,
mellow mushroom,
mels drive in,
memos,
menchies,
meow mix,
mercato,
merican cuisine,
meriot,
mesh,
metro diner,
mexcian grill,
mexican,
mexican azteca grill,
mexican grill,
mexican restaurants,
mexico,
mexideli,
mi mexico,
mi pueblo,
mi ranchito,
miami grill,
michaels,
mici,
mick morgans,
micky ds,
midici,
mikes,
mikes jersey subs,4
mikes sub,
mikes subs,
milk bar,
milktooth fletcher place virginia ave,
mill wharf,
miller ale house,
milleres,
millers,
millers ale house,
millers are house,
millow,
mimi teriyaki,
mimis,
mimis pizza,
miners,
ming,
mingles,
miss southwest,
mission,
mission barbecue,
mission barbeque,
mission bbq,
mission taco,
mitali,
mix and bowl,
miyako teriyaki,
ml kitchen,
mob pizza,
moctezumaz,
mod,
mod market,
mod oizza,
mod pizza,
mod pizzeria,
moder market eatery,
modern market,
modmarket,
modpizza,
mods,
mods pizza,
moe,6
moes,6
moes south tex,6
moes south west,6
moes southwest,6
moes southwest grill,6
moes southwest grille,6
moes southwestern grill,6
moes sub,6
moew southwestern grill,6
mollys,
mom pops burgers,
momijis,
moms fiesta,
moneli,
mongolian bbq,
mongolian grill,
monicas tacos,
monster burger,
mont jade,
montana mikes,
mooyah,
morals,
morrisons,
mos,
mos bbq,
mos grill,6
mosgrill,6
mother bears,
mothers pizza,
motomaki,
mots pizza,
motts,
motts pizza,
moultons market,
mr burger,
mr dons,
mr gaddis pizza,
mr panda,
mr pita,
mrburger,
mrquicks,
mrsaigon,
mudpenny,
mulligans,
mulligans grill,
muscles and burgers,
music city hot chicken,
mussiin bbq,
mustard seed,
mv donaldson,
mvdonalds,
mvfonalds,
my burgers,
mydick,
na,
naan curry,
nachomama,
naf naf,
nalley fresh,
nally fresh,
namelix,
nandos,
nandos outlets,
nandos peri peri,
napa valley,
napkin burger,
naples,
napoleon pizzeria,
napoli,
nathans,
national coney,
national coney island,
native foods,
ncdonalds,
ncsety,
ndubs,
ne,
neato burrito,
negro de oro,
neo,
netflix,
new haven ice cream shoppe,
new market pizza,
new orleans hamburger seafood,
new york contemporary american,
new york pizza depot,
newcomb farms,
newks,
newks eatery,
newmans pasta,
nice,
nicks grill,
nifty fifties,
nifty fifty,
night sky,
nike,
niko teriyaki,
nikolas,
nikos,
nina may,
nine,
ninety nine,
ninety nine restaurant,
nitor,
nixta,
nnone,
no,
no ne,
no opinion,
no thai,
noahs ark,
nobe,
nobu,
nocos,
noddle and co,7
noddles and company,7
nom nom,
nome,
non,
non e,
none,
none come to mind,
noner,
nonnos,
nonr,
nons,
noodle and co,7
noodle and company,7
noodle co,7
noodle company,7
noodle express,
noodle factory,
noodle house,
noodle n company,
noodles,
noodles amd co,7
noodles an company,7
noodles and co,7
noodles and company,7
noodles and more,7
noodles co,7
noodles company,7
noodles in company,7
noodles kitchen,7
noodles n co,7
noodles n company,7
nope,
not,
not sure,
not sure average joes,
not your average joes,
nothing,
nothing comes to mind,
nsye,
nudo,
nudo house,
nun,
nurse,
nxbdh,
nzuko,
o charless,
o charleys,
o charlies,
o charlys,
oak table,
oasis,
oasis restaurant,
oath,
oaxaca troy,
ocean prime,
oceana grill,
ocharley,
ocharleys,
ocharlies,
ocharlys,
offpremise and onpremise dining,
ohana kitchen,
oilive garden,
oitbag,
ok tavern,
ol charleys,
old chicago,
old country buffet,
old county buffet,
old ebbitt grill,
old nelsons,
olga,
olga kitchen,
olgas,
olgas coney,
olitoki,
olive,
olive and garden,
olive finch,
olive gaarden,
olive garcen,
olive garde,
olive garden,
olive gardens,
olive garder,
olive gardin,
olive garen,
olive garger,
olive garnden,
olive gatden,
olive graden,
olive grove,
olive the garden,
olive tree,
olivedarden,
olivegarden,
oliver garden,
oliveras,
olives gardens,
olivia garden,
olivve garden,
olympia chowder house,
oma bop,
omaha steaks,
omega,
omoni,
on black,
on the boarder,
on the border,
one,
one bar and grill,
one stop market,
onion,
oo,
oobas,
open range,
orange leaf,
orappin,
oregon grill,
organic bread and buns,
oriental inn,
orthedf,
otto sushi,
out aback,
out back,
out back steak houe,
out back steak house,
out back steakhouse,
out milk like food items,
outback,
outback grill,
outback stack house,
outback steak house,
outback steakhouse,
outbackch,
outbacks,
outbacks steakhouse,
pablos,
pagliacci,
pagliacci pizza,
pai wai,
palisade,
pamera,9
panaera,9
panama bread,9
panana bread,9
panara,9
panara bread,9
panaras,9
panarea,9
pancake house,
pancake housr,
pancakes french toast meals,
pancheros,
panda,
panda buffet,
panda cuisine,
panda exerss,8
panda expresa,8
panda express,8
panda expresspei wei asian diner,8
panda exspes,8
panda garden,
panda house,
panda king,
panda kitchen,
panda xpress,8
pandaexpress,8
pandan,
pandas express,8
pandera,9
pandera bread,9
pandora,
pands expres,8
pane vino,
panear bread,9
paneer bread,9
paneera,9
paneini,
panera,9
panera brea,9
panera breaaad,9
panera bread,9
panera bread co,9
panera bread company,9
panera breads,9
panera breadsaint louis bread co,9
panera breas,9
panera bred,9
panera pi,9
panera pread,9
panerabread,9
paneras,9
panerast louis breadco,9
panero,9
panerra,9
panerra bread,9
panerras,9
paniera,9
paninis,
pannera,9
panora bread,9
pantera,
papa gino,
papa ginos,
papa ginos pizza,
papa john,
papa johns,
papa johns pizza,
papa leones,
papa murphy,
papa murphys,
papa romanos,
papa romos,
papadeuxs,
papaginos,
papas,
papas jons,
pappa johns,
pappas,
pappys,
pappys smokehouse,
paradise bakery,
paradise cafe,
parena bread,9
paris,
parking burger king,
parmera,
paseo,
pashety,
pasquales,
pasta extra,
pasta garage,
pasta house,
pasta jay,
pasta loft,
pastagarage,
pats,
pats pizza,
pats pizza pasta,
pei we,
pei wei,
peiwei,
peking express,
pelons,
penaera,9
penara,9
penara bread,9
penera,9
penera bread,9
penerra,9
penn station,
penn station subs,
penn ststio,
pennara,9
penrose room,
pepes,
pepper pod,
pepper tree resturant,
pepperjack,
pepperjacks,
pepperjax,
perkins,
perkins restaurant,
perkins restaurant and bakery,
pernaria,
pernaro bread,9
pervisions,
peter pizza,
petersons,
petes diner,
petes pizza,
petes plastic steak,
petra cafe,
petrones pizza,
pf chang,
pf chang china bristro,
pf changs,
pf changs china bistro,
pf chw,
phad thai express,
phly taco,
pho,
pho chain,
pho crab,
pho hoa,
pho restaurants,
pho saigon,
pho street,
pho tai,
pho than,
pho tran,
pho vietnamese,
pho vietnamese soup resturant,
phoenix,
pi pizza,
pi pizzeria,
piada,
piata,
piatas,
piazza hut,
piazza presto,
picadillos,
picante,
piccinos,
pick up stixauntie annesbrueggers bagels,
picklemans,
pickquick,
pickquick drive in,
picos,
pie,
pie five,
pie pies,
pie sci,
pie wei,
piefive,
pieology,
piizahut,
pilchuck drive in,
pinara,9
pinara bread,9
pinera,9
pinera bread,9
pineras bread,9
pinkys,
piology,
pira pit,
pita pit,
pita place,
piza hat,
piza hut,
pizza,
pizza bazar,
pizza boilies,
pizza by even,
pizza d oro,
pizza factory,
pizza hat,
pizza hit,
pizza hot,
pizza hunt,
pizza hurt,
pizza hut,
pizza johns,
pizza king,
pizza pirate,
pizza ranch,
pizza rev,
pizza uno,
pizzahad,
pizzahut,
pizzaking,
pizzarev,
pizzaria uno,
pizzeria locale,
pizzu hart,
pizzza hut,
pizzza studio,
pj brewhouse,
pj whelahans,
pj whelans,
pj whelihans,
pj whilihans,
planet sub,
playa bowls,
playstation,
plaza azteca,
plum crazy,
pojo tropical,
poke,
poke concept,
poke fish,
poke fresh,
poke poke,
poke works,
policeman,
pollo lima,
polo tropical,
poncho vias,
ponda rosa,
pondarose,
ponderosa,
ponderosa steak house,
pondorosa,
pong,
poop,
poor richards,
pop,
pop eyes,
pop up restaurant,
popeye,
popeye chicken,
popeyes,
popeyes chicken,
popeys,
poppeys,
poppye,
pops diner,
popyees,
popyes,
popyeyes,
porky butts,
port of subs,
portillos,
portillos hot doge,
portillos hot dogs,
portillos hot sdog,
portillos hotdog,
portos,
pot bellied pig,
pot bellies,
pot belly,
pot belly sandwiches,
pot bellys,
potbelky,
potbellies,
potbelly,
potbelly sandwich shop,
potbellys,
poulet,
poulet chicken,
pow,
prados,
press cafe,
pressed,
pressed cafe,
pressedcafe,
pret,
pret a mange,
pret a manger,
pret manger,
primo hoagies,
primo pizza,
primos,
prince pizza,
prism,
priyo fast food,
protein bar,
provost,
public greens,
puccinis,
purebread,
purefire pizza,
puss and boost,
puzza hut,
pwi wei,
q doba,10
qadoba,10
qboba,10
qboda,10
qdba,10
qdbota,10
qdoan,10
qdoba,10
qdoba mexican eats,10
qdobas,10
qdobe,10
qdobo,10
qdoboa,10
qfc,
qidoba,10
qiznos,
qoda,10
qodba,10
quaba,10
quadoba,10
quaker steak,
quans kitchen,
quboda,10
qudoba,10
qudoba mexican grill,10
qudobas,10
qudoiba,10
quedoba,10
queen anne ave n,
queen burguer,
queen of sheba,
queen of sheeba,
queen restura,
quick casual,
quick fire,
quick service,
quidba,10
quidoba,10
quinzos,
quisnos,
quizno,
quiznos,
qunabas,
quoba,10
quobas,10
quodba,10
quodoba,10
qurdoba,10
r taco,
rabbit burger,
racha,
rafaels,
raferty,
rafferty,
raffertys,
raginas,
rain,
rain city burger,
raisin cains,11
raisin cane,11
raisin canes,11
raisin kanes,11
raising cains,11
raising cane,11
raising canes,11
raising canrs,11
ralibertos,
ralleys,
rally,
rallycheckers,
rallys,
ram,
ram horn,
rams horn,
ramseys,
ranch drivein,
rancho grande,
rancos,
rapid fire pizza,
rapid fired pizza,
rasin canes,11
rasing canes,11
rax,
raxx,
rbs,
readi spaghetti,
reading terminal,
ready spaghetti,
real food cafe,
red,
red apple diner,
red arrow,
red baron,
red box,
red brick pizza,
red dragon,
red lions,
red lobeste,
red lobster,
red lobsters,
red londs,
red lopster,
red olive,
red olive restaurant,
red redobn,
red robbin,
red robbins,
red robbion,
red roben,
red robin,
red robins,
red robon,
red robster,
reddys,
redlobster,
redners,
redrobin,
redrobins,
reds,
renes bakery,
renos,
res robin,
restaurant,
restaurant nicholas,
restaurants,
restrents,
retro diner,
rev kitchen,
rev up the food truck,
riggata,
rincon del sol,
rinconcito,
roadhouse,
robertos,
rock bottom,
rock pizza,
rockbottom,
rocket,
rocky mountain brewery,
roister restaurant,
rolling stove,
romanellis,
romanos,
rook fletcher place virginia ave,
roosters,
root down,
roots,
roots kitchen,
rosas cafe,
rosas tortilla factory,
roscoes tacos,
roti,
round table,
round table pizza,
round the corner,
route,
roy rogers,
royal diner,
royal farms,
royals chicken,
rt,
rubens,
rubios,
ruby rus,
ruby tuesday,
ruby tuesdays,
rubys,
rubys diner,
rudy tuesday,
rudys,
runza,
rushs,
russ,
russ restaurant,
russs,
rusty bucket,
rusty taco,
ruth,
ruth chris,
ruth chris steak house,
ruths chriss steak house,
ruths crisp,
ryans,
ryans steak house,
ryans steakhouse,
s,
saads,
sabraos,
sabrreros,
sad,
sad face,
safeway,
sagebrush,
saj,
sakura,
sal y limon,
salad,
salad company,
salad workd,
salad works,
saladworks,
salata,
salem cross inn,
sals,
sals pizza,
salsa brava,
salsarias,
salsaritas,
salt grass,
salt grass steak house,
saltgrass steack house,
saltys,
salumi,
sam club,
sam diegos,
sams,
sams club,
sams place,
san francisco contemporary american,
san pedro,
sandwich,
saneck,
santa barbara shellfish,
santanas vegan grill,
santiagos,
sapp bros,
sardis,
sarku japan,
sauce on the side,
sazon,
sbarro,
sbway,
schallers,
schasses bar and grill,
schlotskys,
schlotzkya,
schlotzkys,
schlotzskys,
sdfs,
sea food,
seafood,
seafood sams,
season pizza,
season tickets,
seasons,
seasons pizza,
seattle poke,
seattles chicken express,
semper fi burger,
senor froggy,
seor iguanas,
seoul taco,
serious texas bbq,
seven,
seven eleven,
shabor,
shackels,
shah,
shake sack,
shake shack,
shake shak,
shakes and burger,
shakr shack,
shanays,
shangrala,
shapiros delicatessen,
shaq,
share muply,
share the love,
shareefs,
sharies,
sharis,
sharris,
shd,
sheeba,
sheetz,
sheris,
sherries,
sherris,
sherrys,
sherys,
shields pizza,
shilohs steak house,
shlotskys,
sho gun,
shoneys,
showmars,
showtime,
shrimp hut,
silvanas,
silver diner,
silver mines sub,
silvermine subs,
simple greek,
simply thai,
six star,
sizzle and crunch,
sizzle crunch,
sizzler,
sizzlers,
sjkhdfg,
skippers,
skyline,
skyline chili,
slice works,
slick rock burrito,
slim chicken,
slim chickens,
smash burger,
smashburger,
smithfields chicken and bbq,
smiths garage,
smittys,
smokestreet,
smokey bones,
smokey moes,
smokeys,
smokin mos,
smokin yards,
smoky bones,
smoothie king,
snap pizza,
snappy dragon,
snaps,
snarfs,
soda,
sole,
somatos,
some thai restaurants around me,
something else im sure,
songbird cafe,
sonic,
sonic because u sit in your car and eat,
sonic drive inn,
sonics,
sonnys,
soul chicken,
souper salad,
south of the border,
southern,
southgate diner,
southurn grill,
southwest deli,
southwest moes,6
soybean,
spag burger,
spaghetti factory,
spaghetti works,
spago,
speakeasy pizza,
specks drivein,
spice pepper,
spice symphony,
sponkies,
squam square,
squeelers,
squistos,
st elmo steak house,
st louis bread co,
st louis bread company,
st marys restaurant,
stacked burgers,
stacked pickle,
stak n shake,
stake and shake,
stake house,
stake n shake,
standiego,
stanford grille,
star,
star bucks,
star of india,
starbuck,
starbucks,
starbuxs,
starvin arvins,
statbuck,
staxx,
steack and shake,
steak,
steak ad shakes,
steak and bourbon,
steak and shaje,
steak and shake,
steak and shale,
steak and shark,
steak escape,
steak in shaik,
steak m shake,
steak n shake,
steak out,
steak shack,
steak shake,
steaknshack,
steaknshake,
steal and shake,
stealhouse,
steer inn,
stellar pizza,
stellas,
stephaninas,
stephaninos,
steves deli,
stewerts,
stl bread co,
stoked pizza,
stoneforge,
stonewood alehouse,
street,
street bar and grill,
street bar grille,
street grill,
stsrbucks,
stubens,
stuffed burger bar,
stujrhf,
sturbucks,
sub,
sub way,
subdick,
subwa,
subwat,
subway,
subway outlets,
subwaya,
subways,
subwsy,
suck my duck,
sudway,
sugar fire,
sugarfire,
sugarfire bbq,
sultan express,
sunnys coney island,
super duper burger,
super duper burgers,
super natural brewing,
super shark,
surf taco,
suse ans,
sushi,
sushi ai,
sushi boy,
sushi den,
sushi fork,
sushi katsu,
sushi sake,
sushi sumo,
suway,
sweet green,
sweet greens,
sweet inspirations,
sweet lucys bbq,
sweet magnolias,
sweet tomatoes,
sweetgreen,
sweetgreens,
sweeto burrito,
sweety,
sybergs,
sylvan street grille,
sythai,
t g i fridays,
t gif fridays,
ta o bell,12
tables,
taca bell,12
tacco,
tacco bell,12
tacho bell,12
taco,
taco ball,12
taco bel,12
taco bell,12
taco belle,12
taco bobs,
taco bueno,
taco cabana,
taco de mexico,
taco del mar,
taco dell,12
taco dick,
taco gaby,
taco grande,
taco jhons,
taco john,
taco johns,
taco maker,
taco maya,
taco mayo,
taco nell,12
taco star,
taco time,
tacobell,12
tacorita,
tacos,
tacos el cunado,
tacos guaymas,
tacos navarro,
tacos orientales,
tacotime,
tanduri,
tap house,
tapatios,
taqueria el sabor,
taqueria la estacion,
targeted,
taste of philly,
tasty burger,
tatte,
tattooed moose,
tavern in the square,
tays seafood,
taz indian,
tazikis,
tb,
tbone,
tbones,
tcby,
tco bell,12
teavolve cafe,
teco bel,12
teco bell,12
tecobell,12
tee dynisty,
telways,
tendergreens,
tequila,
tequilas,
teresas cusine,
terget,
teriyaki,
teriyaki express,
terra cafe,
texas,
texas barbq,
texas longhorn,
texas longhorns,
texas road home,
texas road house,
texas roadhorse,
texas roadhouse,
texas roadhouse house,
texas rpadhouse,
texas steakhouse,
texas toad house,
texas traditions,
tg friday,
tg fridays,
tgf,
tgf fridays,
tgfi,
tgi,
tgi first,
tgi friday,
tgi fridays,
tgi friidays,
tgid,
tgif,
tgif friday,
tgif fridays,
tgif fridays a,
tgifriday,
tgifridays,
tgifs,
th bar grill,
th street,
th street bar and grill,
th street bar n grill,
th street grill,
thai,
thai basil,
thai bistros,
thai noodles,
thai palace,
than brothers pho,
the,
the admiral bird,
the best stake house,
the big fish,
the big steak,
the bistro,
the black cat,
the border,
the broadmoor,
the cheese cake factory,
the cheesecake,
the cheesecake factory,
the coney,
the dam,
the den,
the federal,
the food market,
the frog and the peach,
the grateful gnome,
the grill,
the grotto,
the habit,
the habit burger,
the habit burger grill,
the knack,
the market,
the melting pot,
the millville queen,
the mug,
the ninety nine,
the ny food,
the olde spaghetti factory,
the olive garden,
the outback,
the pancakes factory,
the pantry,
the perk,
the pig,
the pink door,
the prime rib,
the rabbit hole,
the ram,
the restaurant,
the rock,
the rock wood fire pizza,
the s,
the shack,
the stuffed crab,
the survey,
the taco stand,
the view house,
the village inn,
the wok terriaki,
the wolf,
the yard house,
thicc boi,
thifridays,
this friday,
tho fridays,
thomas family dining,
three kings,
three margaritas,
three olives,
tico bell,12
tig fridays,
tigerlyox,
tijuana,
tikka grill,
tim horton,
tim hortons,
timber creek buffet,
timbercreek,
time out,
tin plate,
tinker street herronmorton e th st,
tipsy cow,
tji friday,
tji fridays,
tkomaleys,
to take,
toca bell,12
tocabe,
toco bell,12
tocobell,12
togos,
tokoyo joes,
tokoyo sushi,
tokyeo joe,
tokyo bowl,
tokyo hoes,
tokyo joe,
tokyo joes,
tokyo jos,
tokyo teriyaki,
tolly ho,
tom and cheese,
tomato,
tomato street,
tommy burgers,
tony c,
tonys,
tonys tots,
tool,
tooties,
top its,
top shooters,
toppers,
tops big boy,
tops diner,
torbert street,
torchys,
torchys tacos,
toscano,
toshis teriyaki,
tosti,
town square,
trader joe,
tradewinds,
trailhead cafe,
trappers,
trappers sushi,
treder joes,
trinos,
tropea,
tropical cafe,
tropical smoithie cafe,
tropical smoothie,
tropical smoothie cafe,
truck stop,
tubbys,
tubys,
tuckers steaks nice placesst louis soulardsouth cointy,
tuesday s,
tuktuk,
tullys,
tumbleweed,
tuna steak,
turnip the beet e front st port angeles,
twin peaks,
twisters,
two rivers,
tzazikis,
u n t,
uber eats,
udon,
uk fish and chips,
ukrafted,
uncle joes,
underground kitchen,
university book store cafe,
unknown,
uno,
unos,
unsure,
uoj,
upscale unique or highly developed decor,
urban sombrero,
urban soul,
usa,
usa restaurant,
vagabond,
valentinos,
vbeufyrhf,
vegetarian food,
veggie grill,
vencellis,
venice,
vera asian,
verve bowls,
very agree,
very good,
very well,
veselkathe apple pan pancake pantry,
vhik a fil,1
vics drive in,
victorias diner,
vida,
view,
village in,
village inn,
village place,
villiage in,
viva mexico,
voodoo taco,
vp,
vs sandwhich,
waffle house,
waffle kings,
wafflehouse,
wahoo fish tacos,
wahoos,
wahoos fish tacos,
walburgers,
walgreens,
walhburgers,
walls,
walmart,
walmarts,
wandts,
wandys,
warthog barbecue,
wawa,
wayback burgers,
waz seattle,
wdoba,
webbers,
weber grill,
wedney,
wednys,
weduy,
wedys,
wegmans,
wegney,
well,
wen,
wen dys,
wendays,
wendes,
wendesy,
wendey,
wendeys,
wendies,
wendis,
wends,
wendu,
wendy,
wendya,
wendyd,
wendys,
wendys sonics,
wendys subway mcdonalds,
wendysarbystaco bell,
wenndys,
wenniersnitchel,
wensys,
wesley rogers,
western sizzlin,
wests,
whalbergers,
whalburgers,
what,
what a burger,
whatabuger,
whataburger,
whats,
when is,
which which,
which whitch,
which wich,
whichwhich,
whichwich,
white casle,
white casles,
white castels,
white castle,
white castles,
white chaste,
white hut,
whitecastle,
whole food,
whole foods,
whute castle,
wibbleys,
wichit,
wichwich,
wicked wing,
wild buffalo,
wild eggs,
wild willys,
wild wings,
willie jewels,
willow tree,
windmill,
windy,
windys,
wing stop,13
wings and rings,
wings etc,
wings stop,13
wings to go,
wingstop,13
wingz and ringz,
wnedys,
wok and roll,
wolfgang puck express,
wolk a mole,
wonderful bistro,
woo jeong,
woodlawd,
wooglins,
wrndys,
ww cousins,
xbox,
yahyas,
yama sushi,
yamato,
yanagis,
yanchai,
yankee noodle,
yard house,
yats,
yatz,
yayas,
yellowbellies,
yes,
yesterdog,
yoccos,
yorks,
you,
you pizza,
youngs,
z burger,
z c,
zabattas,
zabys,
zacasbeys,
zackbyies,
zaghloul,
zagsbys,
zahav,
zardes,
zaxby,
zaxbys,
zeggz,
zeppoz,
zestos,
zinburger,
zios,
zios pizza,
zippys,
zips,
zitis,
zoes,
zoes kitchen,
zoes kitchn,
zoes mediterranean,
zoeys kitchen,
zooeys kitchen,
zos kitchen,
zoup,
zoups,
zwanzigz,
NA,